Node,X,Y,Traffic
1,46.720157437038,72.857453163083,5
2,53.7179965844531,82.5428756361911,1
3,32.3129284865183,67.4382282480586,2
4,51.2849147590333,24.1959718260386,3
5,71.7483080427316,5.54796822029762,4
6,45.4610260620899,58.061477769901,1
7,77.0533718016202,93.1702960979337,1
8,60.0823854184033,46.1909331746925,1
9,60.8027352385929,36.4857163095974,5
10,10.1236549700547,66.8638460111497,3
